Velocity average (Best=1 Worst=0),Max velocity count (Best=1 Worst=0),Reaching time (Best=0 Worst=1),Path taken (Best=1 Worst=0)
0.8098837,0.8219766,0.02081729,0.79956
0.5482051,0.1869231,0.6938683,0.173897
0.9023256,0.4860465,0.2081395,0.3802353
